ID,GEO_POINT_2D,GEO_SHAPE,ENTE,CODICE,ORDINANZA,STATO,AREA,CODARCO1,NOMEVIA1,CODARCO2,NOMEVIA2,CODARCO3,NOMEVIA3,CODARCO4,NOMEVIA4,CODARCO5,NOMEVIA5,CODARCO6,NOMEVIA6,CODARCO7,NOMEVIA7,IIDD,TIPOZTL
1,"44.4936359043, 11.3446691138","{""type"": ""MultiPolygon"", ""coordinates"": [[[[11.3444530838429, 44.49398251235665], [11.344366082792485, 44.493696509872365], [11.344717094918412, 44.49361344017051], [11.344804097944564, 44.49359042251208], [11.344918101865828, 44.49356739976769], [11.345106108359039, 44.49352636175375], [11.345125108692317, 44.49357036171813], [11.345141108851603, 44.49362536315072], [11.345211109623087, 44.493853368864876], [11.345281111961976, 44.493848355961234], [11.345262111410987, 44.493837358444395], [11.34518511055529, 44.49358835207943], [11.34517311048214, 44.493540350425896], [11.345157110605882, 44.49344334561562], [11.345141110068917, 44.49344434870046], [11.345114110073496, 44.49331034315574], [11.345092110113397, 44.49319533830289], [11.345050108589227, 44.49321434790718], [11.345081108388497, 44.49339835635866], [11.34509710825554, 44.49349736114095], [11.344785097499493, 44.49356242400967], [11.344733095694753, 44.493575434549925], [11.34458409059334, 44.49360246389262], [11.344430085324548, 44.493630494031756], [11.344127074990258, 44.49368255257843], [11.34401907131399, 44.49370057324268], [11.343791063571665, 44.49373661647628], [11.343800063639451, 44.493774616711185], [11.34431608114836, 44.49369551891151], [11.344411082424708, 44.49398852010367], [11.3444530838429, 44.49398251235665]]]]}",,39,4000/343434,A,895,1255,VIA DRAPPERIE,1274,VICOLO RANOCCHI,1364,VIA DRAPPERIE,1278,VIA PESCHERIE VECCHIE,1277,VIA PESCHERIE VECCHIE,,,,,15,Aree Pedonali
2,"44.4919092997, 11.3455809714","{""type"": ""MultiPolygon"", ""coordinates"": [[[[11.345420129535995, 44.49158725527894], [11.345108119148115, 44.49161130971553], [11.34509511859644, 44.49164630954094], [11.345190120657048, 44.49196626744962], [11.345247122442906, 44.49200225320012], [11.345267123082543, 44.492011248445245], [11.345275122862859, 44.49215923476814], [11.345515130929185, 44.49216118436122], [11.34566813607277, 44.49216215222979], [11.34586914282603, 44.49216510980639], [11.34615715250524, 44.49216904895271], [11.346187153470428, 44.49218804022847], [11.346225154745142, 44.49219003196164], [11.346318158320006, 44.49198703969555], [11.346148152635541, 44.49198607390037], [11.345840142343404, 44.49198213607011], [11.345668136593428, 44.491981170609165], [11.3456751380756, 44.49154621353479], [11.345418129598762, 44.49154625927993], [11.345420129535995, 44.49158725527894]]]]}",,,4000/343434,A,3543,,,,,,,,,,,,,,,22,Aree Pedonali
3,"44.4919752623, 11.3422949036","{""type"": ""MultiPolygon"", ""coordinates"": [[[[11.341892014331073, 44.492152698812504], [11.342279025943597, 44.49209269729617], [11.342296794602023, 44.49208149094331], [11.342285646540327, 44.49200287450404], [11.342537034047101, 44.49198869424519], [11.342833042801962, 44.49196569381315], [11.342960386990976, 44.4919497759045], [11.342948357929147, 44.49190883576864], [11.342842281508307, 44.491916046820776], [11.342833942164877, 44.4918604645846], [11.342744441172815, 44.491855397599316], [11.342746971542931, 44.49183410834851], [11.342540695388077, 44.49183007987911], [11.34253503424267, 44.491943692809166], [11.34227697296294, 44.49195432116919], [11.342291092172758, 44.49194477653005], [11.342298327148686, 44.491898381290355], [11.342272026809908, 44.49190269123569], [11.342225025479713, 44.49189569096497], [11.342115022291072, 44.491892690757766], [11.341895274328989, 44.49188822777914], [11.341878828424624, 44.49189526337677], [11.341892014331073, 44.492152698812504]]]]}",,37,4000/343434,A,844,7723,CORTE DE' GALLUZZI,1140,CORTE DE' GALLUZZI,7722,CORTE DE' GALLUZZI,,,,,,,,,23,Aree Pedonali
4,"44.4920837846, 11.3481047397","{""type"": ""MultiPolygon"", ""coordinates"": [[[[11.348955265832254, 44.492338520553545], [11.34891626400494, 44.492355548823454], [11.348776257888876, 44.49234664634989], [11.348580249760733, 44.49226477917658], [11.348514246577484, 44.49218985620062], [11.348359239193739, 44.492000036043976], [11.34871225346936, 44.49178690068614], [11.34867225156676, 44.49173794695329], [11.34859724825154, 44.49170000892253], [11.348648250191356, 44.49165099951763], [11.348678251323504, 44.49162199444921], [11.348710252528523, 44.49159198894349], [11.348746253875019, 44.49155798324207], [11.348912711790247, 44.49139669428183], [11.348792427011514, 44.49134223536025], [11.348480273653077, 44.49139048139339], [11.34863224900662, 44.4915260632135], [11.348582247171326, 44.49158606643568], [11.34853524541796, 44.491640071370696], [11.348499244065275, 44.49168207545573], [11.34844424196039, 44.49174108474076], [11.34839524006416, 44.49179309413906], [11.348312236799288, 44.49187711353419], [11.348274235295545, 44.491918122232136], [11.348171231184546, 44.49203714558886], [11.348092227972764, 44.492128166343825], [11.348041225871102, 44.49218618125631], [11.348005224377157, 44.49222819202269], [11.347971222948948, 44.49226820292488], [11.347424690625873, 44.49184422252835], [11.34733609700479, 44.49188471243893], [11.347114674604791, 44.491880830213894], [11.346462481434639, 44.49189477840079], [11.346456509982623, 44.49192336386494], [11.347207761932049, 44.491966342144806], [11.347590836820963, 44.49205203883255], [11.347945221514538, 44.49230922482129], [11.347865217327133, 44.49240228953646], [11.347849216464093, 44.49242430286686], [11.347737210581432, 44.49255439450402], [11.34769120816922, 44.49260643230178], [11.347672207160796, 44.492629448118194], [11.347651206055817, 44.49265346549057], [11.34762220452971, 44.49268648952544], [11.347598203267935, 44.49271350943576], [11.34757320196082, 44.492740530106815], [11.347552200874416, 44.49276154733007], [11.347529199683809, 44.49278456622979], [11.347521199254754, 44.49279457302623], [11.347593202270328, 44.492819524059435], [11.347827214056291, 44.49262533762078], [11.347809213402094, 44.49260534847367], [11.348055225119664, 44.49248716356441], [11.348422242111749, 44.49237189612297], [11.348492245346113, 44.49234984545065], [11.348538247473916, 44.49233481217344], [11.348792258053683, 44.492430640310474], [11.348990267111107, 44.492380498339415], [11.348955265832254, 44.492338520553545]]]]}",,14,4000/343434,A,4011,5152,CORTE ISOLANI,7989,VIA S.STEFANO,1179,VIA S.STEFANO,1199,VIA DE' PEPOLI,7988,VIA SANTA,1461,VIA S.STEFANO,,,27,Aree Pedonali
5,"44.4931694337, 11.3450845773","{""type"": ""MultiPolygon"", ""coordinates"": [[[[11.343724063050612, 44.49345461526281], [11.343849067355832, 44.49342759046401], [11.34396107119679, 44.49340656828104], [11.344139077310059, 44.49337253276813], [11.344362084948658, 44.49333448816981], [11.344358084879063, 44.493324488312346], [11.344479089049619, 44.49330046370587], [11.344488089233586, 44.493318463153436], [11.34464409458169, 44.49329243162881], [11.344639094525496, 44.49327543142379], [11.345050108589227, 44.49321434790718], [11.345092110113397, 44.49319533830289], [11.345332118350413, 44.49315828874614], [11.345328118319603, 44.49314328826167], [11.345425121666132, 44.493126267908025], [11.34548412370014, 44.4931162555208], [11.345716131758154, 44.49306920583451], [11.345740132600397, 44.493063200559476], [11.345910138510003, 44.49302916383395], [11.346034142761061, 44.49301313776131], [11.346314152212845, 44.492998080807794], [11.346318152793863, 44.49293707349828], [11.346178148015754, 44.49295110286947], [11.346176148021595, 44.492941102231875], [11.34599414181362, 44.49295914030071], [11.345834136286767, 44.49298517461763], [11.345652129960323, 44.49302121400907], [11.345656130030823, 44.493030214043955], [11.345485124126984, 44.49305925032494], [11.345443122657901, 44.49306925945085], [11.345089110382009, 44.49314033455802], [11.3450451088168, 44.49315534429214], [11.34465009525982, 44.49321842540699], [11.344491089793138, 44.49324645790702], [11.344222080419879, 44.49331551369638], [11.344169078572852, 44.49332952461116], [11.344014073236668, 44.49336055579946], [11.343841067350825, 44.49338458981892], [11.343713062991322, 44.49340361492511], [11.343724063050612, 44.49345461526281]]]]}",,41,4000/343434,A,1252,1363,VIA CLAVATURE,9105,VIA CLAVATURE,1383,VIA CLAVATURE,9106,VIA CLAVATURE,,,,,,,28,Aree Pedonali
6,"44.4937113368, 11.3466243676","{""type"": ""MultiPolygon"", ""coordinates"": [[[[11.346545787446416, 44.49408894553535], [11.346620217635643, 44.494071883658755], [11.346536018550252, 44.49390746360863], [11.346745997973787, 44.49361005439092], [11.346781279851731, 44.493627328863525], [11.346951397233674, 44.493465955065986], [11.346850492579264, 44.49343231801943], [11.346746793353605, 44.4935515156177], [11.346709760136811, 44.493529775857446], [11.346648421428283, 44.49360757814814], [11.34646614317369, 44.49357084643483], [11.346473482776847, 44.493710397420806], [11.346480317328316, 44.493946249800096], [11.346545787446416, 44.49408894553535]]]]}",,,,,,,,,,,,,,,,,,,,29,Aree Pedonali
7,"44.4903632966, 11.344082043","{""type"": ""MultiPolygon"", ""coordinates"": [[[[11.343977088746131, 44.49011753771336], [11.344034089612645, 44.490318528051404], [11.344108090624053, 44.49061251303729], [11.344184093082164, 44.490606503282095], [11.34413709240736, 44.49042251372005], [11.344051091106792, 44.490110530064776], [11.343977088746131, 44.49011753771336]]]]}",,,4000/343434,A,332,,,,,,,,,,,,,,,32,Aree Pedonali
8,"44.4955251341, 11.3457146349","{""type"": ""MultiPolygon"", ""coordinates"": [[[[11.34555922931395, 44.49520550230279], [11.345931807064291, 44.49651597805652], [11.346004060288516, 44.49647128868119], [11.34562511223354, 44.49496909936694], [11.345599112020343, 44.494879095210614], [11.34555611199777, 44.4946810841799], [11.345489111194826, 44.49448307747637], [11.345435109370987, 44.494496087458984], [11.34548310960424, 44.494689096523196], [11.345526109702202, 44.494877106343466], [11.34555922931395, 44.49520550230279]]]]}",,9,4000/343434,A,402,8105,VIA GUGLIELMO OBERDAN,5321,VIA GUGLIELMO OBERDAN,8104,VIA GUGLIELMO OBERDAN,,,,,,,,,34,Aree Pedonali
9,"44.4958334607, 11.347156762","{""type"": ""MultiPolygon"", ""coordinates"": [[[[11.346710142995137, 44.49548699350218], [11.346717143105135, 44.4955019942552], [11.346713142971236, 44.49550299493369], [11.346721143090479, 44.495520995898275], [11.346791143952064, 44.495702007386186], [11.346789096476254, 44.49574193565756], [11.346889146815045, 44.49573199765069], [11.347012150909215, 44.495702977439855], [11.347024151097756, 44.4957279788834], [11.347164157499861, 44.49568287701899], [11.347432170995285, 44.49552664021998], [11.347549175514292, 44.4956455575902], [11.34764617915214, 44.495761490107945], [11.347633178501948, 44.495768501518235], [11.347723181867538, 44.49587943855097], [11.34768317989665, 44.495896473330596], [11.347790183935473, 44.49602539737649], [11.347703179668292, 44.49605847305016], [11.347609175050536, 44.49609455507928], [11.347550172124997, 44.49612060704971], [11.347561172519992, 44.496136599550454], [11.347394164332812, 44.496195745688695], [11.347159152862403, 44.496268951338784], [11.346946144296698, 44.49630405918684], [11.346944144339233, 44.49629005777379], [11.34685914183547, 44.496270065863136], [11.346833142296257, 44.49610004889754], [11.346907144643138, 44.496096039023534], [11.346868144547669, 44.49594602605812], [11.34688714515907, 44.4959440233396], [11.346827144592716, 44.49576801031037], [11.346898146948137, 44.49575199883533], [11.346889146807527, 44.49573299777063], [11.346789100614219, 44.4957419563474], [11.34679514356295, 44.49577101496914], [11.346818143441922, 44.495884025245665], [11.346757141413597, 44.49589903504419], [11.346811142474527, 44.495984037984144], [11.346808142103926, 44.49602104274205], [11.346765140718665, 44.4960260488633], [11.346755140412641, 44.49602505003265], [11.346760140345928, 44.496055052898896], [11.34676814060403, 44.496054051758065], [11.346782139543324, 44.496255073581295], [11.346540131796173, 44.49628110631227], [11.346486130154203, 44.49627511229313], [11.346494130229472, 44.496299113911384], [11.3465251312114, 44.496297109899395], [11.3466461342454, 44.496398106375295], [11.346701136150658, 44.496372096827315], [11.346749137794696, 44.49635208874954], [11.346788139121916, 44.49633708229859], [11.346851141243059, 44.496316072198674], [11.346873141675744, 44.49635007348649], [11.347041147170406, 44.49631604901761], [11.347107148917807, 44.49646901990099], [11.347216152699003, 44.49663095094851], [11.347316156248924, 44.496763887505], [11.347356158170285, 44.49675285360461], [11.34727015522364, 44.49662590613614], [11.347222153566834, 44.4965549360416], [11.347171151862259, 44.496470967189204], [11.347159151453582, 44.49645197469441], [11.34714915116762, 44.4964289800607], [11.347172152271177, 44.49642396032461], [11.34711715059515, 44.49630999175474], [11.347302159627239, 44.496253829421946], [11.347390163919062, 44.49622675249841], [11.347499169241534, 44.49619165728642], [11.347655176855724, 44.49614052140231], [11.347664177159231, 44.4961565155081], [11.347748181301467, 44.496122441890705], [11.347830185339669, 44.496089370241485], [11.347931190310542, 44.49604828222422], [11.347994193424837, 44.49602022725414], [11.3479841930098, 44.49601323493713], [11.347977192733852, 44.496006240121986], [11.347970192457987, 44.49599924530334], [11.347965192260983, 44.49599424900219], [11.347876188753458, 44.495906314637146], [11.347836187183942, 44.49586634391096], [11.347797185670041, 44.49582537214893], [11.347724182858665, 44.49574642447314], [11.347590177698413, 44.49560451976382], [11.347471173102024, 44.49548360380386], [11.347508174969198, 44.495460571276276], [11.347455172892603, 44.495411608936955], [11.347333166731477, 44.49548771636946], [11.347354167526808, 44.49551070190145], [11.347188159296032, 44.49559084642316], [11.347077153853364, 44.49563494242597], [11.346964149645824, 44.495669979954734], [11.346874146605314, 44.49569699549531], [11.346844145607351, 44.495704000412864], [11.34683414541949, 44.495686999755435], [11.346772144240347, 44.49558299601754], [11.346792144924134, 44.49557599241771], [11.346743144187586, 44.495466986517606], [11.346902149676646, 44.495405956692196], [11.347026153975245, 44.49535693294735], [11.347116158058684, 44.49531587182183], [11.347206162512368, 44.49527179404676], [11.347346169514038, 44.49519167231915], [11.347406172507606, 44.495157620427115], [11.347447175010194, 44.49507157817695], [11.347289166966565, 44.49518371711048], [11.347154160296625, 44.49524983325876], [11.347032154537288, 44.495307926045534], [11.346946152737434, 44.495184923610246], [11.346888150736202, 44.495205934708046], [11.34696915235762, 44.495331938109516], [11.346869148939287, 44.495364956507416], [11.346737144555476, 44.495391978632156], [11.346695143736692, 44.495322976676405], [11.346615142195114, 44.49518797291315], [11.346560141078733, 44.495101971379064], [11.346487139551815, 44.49499297024782], [11.346442138058828, 44.495000977979956], [11.34646913848173, 44.49506098049048], [11.346520139498097, 44.49514398205406], [11.346574140583305, 44.495229983709116], [11.34664514185559, 44.49536298848791], [11.346710142995137, 44.49548699350218]]]]}",,11,4000/343434,A,3012,1414,VIA CANONICA,9230,PIAZZETTA MARCO BIAGI,1417,VIA VALDONICA,1454,VIA VALDONICA,1419,VICOLO LURETTA,1389,VIA CANONICA,9229,VIA DELL'INFERNO,35,Aree Pedonali
10,"44.4955569093, 11.3454266645","{""type"": ""MultiPolygon"", ""coordinates"": [[[[11.345650109320207, 44.49550914496298], [11.34565310953189, 44.49549214298462], [11.345397101146444, 44.495535182732745], [11.345406101262228, 44.4955601836217], [11.345236095805706, 44.4955732083703], [11.345250096021267, 44.49560720922359], [11.345290097156804, 44.49562620527624], [11.345321098282396, 44.49560419915741], [11.345365099725061, 44.49559619239244], [11.345401100976185, 44.49557918594845], [11.34546010290026, 44.49557017697056], [11.345457102859685, 44.49556217669112], [11.345595107376102, 44.495539155396955], [11.34558810729854, 44.49551815448359], [11.345650109320207, 44.49550914496298]]]]}",,88,4000/343434,A,128,7921,VIA S.NICOLO',,,,,,,,,,,,,37,Aree Pedonali
11,"44.4952524516, 11.3459501417","{""type"": ""MultiPolygon"", ""coordinates"": [[[[11.346120126427701, 44.49519304661033], [11.34610712624917, 44.49516004516486], [11.345673111995414, 44.495226115684055], [11.34568111198777, 44.495264118012855], [11.345930120059924, 44.49524007928274], [11.345979120686268, 44.495372085173], [11.3461121250854, 44.495346063415774], [11.346030123390884, 44.49521806241219], [11.346120126427701, 44.49519304661033]]]]}",,79,4000/343434,A,326,1422,VICOLO MANDRIA,8633,VICOLO TUBERTINI,1375,VICOLO TUBERTINI,,,,,,,,,38,Aree Pedonali
12,"44.4947300998, 11.3466653923","{""type"": ""MultiPolygon"", ""coordinates"": [[[[11.346888150736202, 44.495205934708046], [11.346946152737434, 44.495184923610246], [11.346890151603922, 44.49509892157681], [11.346850150780496, 44.49503892042965], [11.346813150020356, 44.49498291940754], [11.346765149018733, 44.494911918416285], [11.346731148275211, 44.494865918307944], [11.346709147921151, 44.49481891628002], [11.346683147497293, 44.49476391400737], [11.346619146437419, 44.49462990885025], [11.346592145961624, 44.494576907192084], [11.346764151832783, 44.494529873847675], [11.346531018860068, 44.49440547598287], [11.34644714317241, 44.494320902554016], [11.346515143563227, 44.49456691854252], [11.346554144227985, 44.49464692120118], [11.346592144850138, 44.494727924274564], [11.346615145188467, 44.494781926768674], [11.34663714558955, 44.494822927991606], [11.346683146423118, 44.49490893071381], [11.346714147056472, 44.494956931496496], [11.346783148563896, 44.49504993185748], [11.346839149726074, 44.495132933260486], [11.346888150736202, 44.495205934708046]]]]}",,12,4000/343434,A,863,5258,VIA DE' GIUDEI,1372,PIAZZA PORTA RAVEGNANA,8955,VIA DE' GIUDEI,1392,PIAZZA PORTA RAVEGNANA,8954,VIA DE' GIUDEI,,,,,45,Aree Pedonali
13,"44.4950835351, 11.3475279846","{""type"": ""MultiPolygon"", ""coordinates"": [[[[11.346874155621585, 44.49449585185665], [11.346764151825335, 44.494530873964734], [11.346781152177478, 44.49455687424904], [11.346964156459567, 44.494767870213586], [11.347156162840397, 44.494923792557564], [11.347181164113898, 44.494905770604774], [11.347447175010194, 44.49507157817695], [11.347406172507606, 44.495157620427115], [11.347496176046958, 44.49523655687344], [11.347453173896364, 44.495261594159906], [11.347498175273296, 44.49535556808307], [11.347455172892603, 44.495411608936955], [11.347508174969198, 44.495460571276276], [11.347558177598222, 44.4954145258419], [11.34757817860273, 44.4954025083852], [11.347629181165491, 44.49537146390712], [11.347714185426842, 44.49532039009491], [11.34779618952328, 44.495272319298074], [11.347838191622115, 44.4952472831057], [11.347903194869433, 44.495208227212856], [11.348454218597814, 44.495432801568], [11.34850522120048, 44.49539275736007], [11.348034200841568, 44.495211122344905], [11.347879194135018, 44.49515624158101], [11.347507178083097, 44.495025525376406], [11.3475241790688, 44.494996508747285], [11.347406174048636, 44.49494759711933], [11.347347171552817, 44.494921640981154], [11.347253167600275, 44.49487771033674], [11.347177164434754, 44.49483876578764], [11.346986157980623, 44.494659853554495], [11.346874155621585, 44.49449585185665]]]]}",,45,4000/343434,A,1875,8042,VIA ZAMBONI,8043,VIA ZAMBONI,1373,VIA ZAMBONI,1390,VIA ZAMBONI,8045,VIA ZAMBONI,,,,,49,Aree Pedonali
14,"44.4962267703, 11.3409229517","{""type"": ""MultiPolygon"", ""coordinates"": [[[[11.340806910498143, 44.49581380467589], [11.340838961710167, 44.49607782271141], [11.340818961112504, 44.49608082278513], [11.340912961963793, 44.49641683358412], [11.340944962920899, 44.49641183346016], [11.340965963094405, 44.49648983596565], [11.341081693931166, 44.49649857757542], [11.341028693148573, 44.4963475727275], [11.340954964262702, 44.49622382748709], [11.340951964169985, 44.496224827515654], [11.340957105429135, 44.496195523341555], [11.340886963143445, 44.496070822540894], [11.340857420390957, 44.49583665229107], [11.340806910498143, 44.49581380467589]]]]}",,87,4000/343434,A,357,1303,VIA DE' GESSI,,,,,,,,,,,,,,Aree Pedonali
15,"44.4954685023, 11.3406419351","{""type"": ""MultiPolygon"", ""coordinates"": [[[[11.34069695984324, 44.49567380969366], [11.340758961571908, 44.495686810174796], [11.340747961498224, 44.495642808761936], [11.340713961058, 44.49554480560489], [11.340678960510347, 44.49546080289259], [11.340652960090035, 44.49540080095422], [11.340600959271528, 44.4952767969503], [11.340527957094134, 44.49528679719003], [11.340579957784374, 44.49543380192605], [11.340609958181354, 44.49551880466459], [11.340640959104466, 44.49551480457075], [11.340653959286682, 44.49554980569914], [11.340670959495702, 44.495600807341305], [11.340684959684564, 44.49563980859814], [11.34069695984324, 44.49567380969366]]]]}",,47,4000/343434,A,265,1236,VIA CALCAVINAZZI,,,,,,,,,,,,,,Aree Pedonali
16,"44.4960224162, 11.3503584271","{""type"": ""MultiPolygon"", ""coordinates"": [[[[11.35018029971847, 44.49605270742038], [11.350355307568046, 44.496117562089346], [11.350386308994581, 44.49612253623068], [11.35040931008309, 44.49612051701666], [11.350427310989536, 44.49610850194942], [11.350540316846176, 44.495999407744385], [11.350314306752594, 44.495909594833044], [11.35023230244883, 44.49599766357213], [11.35020330093568, 44.49602668798217], [11.35018029971847, 44.49605270742038]]]]}",,,4000/343434,A,375,,PIAZZA GIUSEPPE VERDI,,,,,,,,,,,,,,Aree Pedonali
17,"44.4975426511, 11.3534079872","{""type"": ""MultiPolygon"", ""coordinates"": [[[[11.35338147784664, 44.49735039540218], [11.353344475062876, 44.49738246768696], [11.353242467392032, 44.49746966711999], [11.353199464161376, 44.49750575122122], [11.353167461821311, 44.49752681223039], [11.353244465578399, 44.49764171246978], [11.353331470593448, 44.4977045801315], [11.353652492405025, 44.497642009387896], [11.353551487893256, 44.497449131205755], [11.353530486858334, 44.497418158814135], [11.353500485134653, 44.497396204247316], [11.35338147784664, 44.49735039540218]]]]}",,,4000/343434,A,921,,PIAZZA VITTORIO PUNTONI,,,,,,,,,,,,,,Aree Pedonali
18,"44.5040636005, 11.3448109742","{""type"": ""MultiPolygon"", ""coordinates"": [[[[11.344384026574131, 44.503833076123506], [11.344410027075096, 44.50391007959733], [11.344536029428953, 44.504305097505274], [11.344565030019375, 44.50438610037323], [11.3446280313106, 44.50455910650019], [11.344629031333342, 44.50456110657134], [11.344633031421326, 44.504570106891016], [11.344637031512335, 44.5045781071757], [11.34464303166096, 44.50458610746287], [11.344648031777737, 44.50459510778374], [11.344655031958212, 44.50460210803722], [11.344661032106828, 44.504610108324364], [11.344668032287295, 44.50461710857785], [11.344676032496563, 44.504624108832516], [11.344684032705832, 44.50463110908724], [11.344693032943905, 44.50463810934317], [11.344702033185015, 44.504644109564154], [11.344712033454925, 44.50465010978637], [11.344721033696024, 44.504656110007325], [11.344732033997772, 44.50466111019582], [11.344742034270713, 44.50466611038307], [11.34475303457549, 44.504670110536615], [11.344759034739257, 44.50467311064899], [11.344770035044021, 44.504677110802504], [11.3447810353488, 44.50468111095606], [11.34479303568239, 44.504685111110845], [11.34480403599019, 44.50468811122941], [11.344816036326794, 44.50469111134923], [11.344829036695256, 44.50469311143533], [11.344841037034893, 44.504695111520164], [11.344853037374538, 44.504697111605005], [11.34486603774603, 44.50469811165615], [11.344878038091743, 44.504698111671054], [11.344891038466265, 44.50469811168721], [11.344903038811978, 44.50469811170211], [11.34491603918954, 44.50469711168331], [11.344928039538296, 44.50469611166326], [11.34493103962472, 44.50469611166695], [11.344943039973476, 44.5046951116469], [11.344956040351038, 44.5046941116281], [11.344968040702833, 44.504692111573085], [11.344980041054622, 44.50469011151803], [11.344992041409467, 44.50468711142805], [11.345004041764291, 44.504684111338015], [11.345016042119141, 44.50468111124801], [11.345027042448214, 44.50467711112177], [11.345039042806096, 44.504673110996805], [11.345049043106364, 44.50466911086933], [11.345060043438489, 44.504664110708134], [11.345070043741796, 44.504659110545674], [11.345080044048157, 44.504653110348265], [11.345090044354519, 44.50464711015086], [11.345099044632068, 44.50464110995218], [11.345107044880812, 44.50463510975224], [11.345116045161411, 44.50462810951864], [11.345124045413202, 44.50462110928374], [11.34513104563923, 44.504613109012645], [11.34513104563923, 44.504613109012645], [11.34514104594561, 44.50460710881521], [11.345149046197411, 44.5046001085803], [11.345157046449211, 44.504593108345425], [11.345164046672206, 44.50458610810927], [11.345171046898248, 44.50457810783815], [11.34517704709548, 44.50457010756579], [11.345182047263895, 44.504562107292195], [11.34518704743232, 44.5045541070186], [11.345190047546161, 44.50454510670753], [11.345193047660008, 44.50453610639648], [11.345196047770806, 44.50452810612039], [11.345197047827028, 44.504519105806864], [11.345198047883242, 44.50451010549333], [11.345174047587465, 44.504380100916805], [11.345085046195203, 44.50402308417015], [11.345052046137205, 44.50375907055929], [11.344946044343857, 44.503381051727104], [11.344501031220762, 44.50344705775405], [11.344584032464883, 44.50380007403378], [11.344384026574131, 44.503833076123506]]]]}",,85,4000/343434,A,6285,9633,PIAZZA XX SETTEMBRE,,,,,,,,,,,,,,Aree Pedonali
19,"44.4942665817, 11.3468071546","{""type"": ""MultiPolygon"", ""coordinates"": [[[[11.34705835822898, 44.494417710155254], [11.34699916447498, 44.49437611391367], [11.347042166010294, 44.494359104658955], [11.347087410789635, 44.494310756004616], [11.346887405986577, 44.49403277815537], [11.346792159815667, 44.49409911575456], [11.346625372531227, 44.49413025375372], [11.346567171477847, 44.494171628215014], [11.346533985993139, 44.49422543618119], [11.34653800343391, 44.494278563125896], [11.346654368056772, 44.49441390426317], [11.346714873859542, 44.494448548843856], [11.34705835822898, 44.494417710155254]]]]}",,13,4000/343434,A,606,1380,PIAZZA PORTA RAVEGNANA,,,,,,,,,,,,,,Aree Pedonali
20,"44.4948275591, 11.3348674918","{""type"": ""MultiPolygon"", ""coordinates"": [[[[11.33523079729572, 44.49515563176562], [11.334967586761074, 44.49447719149184], [11.334506667021584, 44.49457161292259], [11.334716971189849, 44.49508226704547], [11.334752993338673, 44.49510556764589], [11.334795662016452, 44.49512207032327], [11.33523079729572, 44.49515563176562]]]]}",,,,,,,,,,,,,,,,,,,,,Aree Pedonali
21,"44.4927615629, 11.3421775577","{""type"": ""MultiPolygon"", ""coordinates"": [[[[11.341728000525046, 44.49376174990127], [11.341819003262616, 44.49374574948713], [11.341798002960259, 44.4936907477129], [11.34197200823108, 44.493653746716596], [11.342210015443268, 44.49360274534108], [11.342214015497827, 44.49361374569578], [11.342283017584421, 44.493599745321966], [11.342352019811678, 44.49356074415141], [11.342309019212683, 44.493444740409814], [11.34223701821916, 44.49324873408892], [11.342166017074259, 44.493084728789185], [11.342145016833832, 44.49301872666436], [11.342107016390607, 44.49290072286505], [11.3420890163385, 44.492816720169934], [11.342106016850352, 44.49281372009188], [11.342073016608621, 44.49268571597935], [11.342055016472093, 44.49261671376227], [11.342031016267505, 44.492528710933684], [11.342009016104218, 44.49244370820279], [11.342252023339192, 44.492415707560205], [11.342453029317385, 44.49239370706548], [11.342473029506008, 44.4924637093169], [11.342490029337077, 44.49258171309506], [11.342511029093176, 44.49273371796098], [11.342460027563074, 44.49274171816331], [11.342468027525928, 44.49278971970131], [11.342490027738814, 44.49286572214617], [11.3425500283037, 44.493075728901196], [11.342569028485277, 44.49314173102446], [11.342560028212024, 44.49314373107884], [11.342573028342763, 44.493187732494704], [11.34258402867422, 44.4931857324424], [11.342620029074638, 44.493300736145216], [11.342688029921831, 44.49350174262267], [11.342798033816106, 44.49337873881704], [11.342785033725093, 44.49332773717786], [11.342795034027425, 44.493325737124515], [11.342781033884744, 44.493278735611774], [11.342771033588043, 44.49327973563323], [11.342761033511044, 44.49324173441155], [11.342770033778661, 44.493240734389055], [11.342757033665036, 44.493193732877394], [11.342747033362688, 44.493195732930744], [11.342736033262176, 44.4931567316762], [11.342746033558905, 44.493155731654745], [11.342733033439602, 44.49310973017498], [11.342723033142855, 44.493110730196456], [11.342712033031047, 44.49307372900569], [11.342721033304318, 44.49307172895129], [11.342708033190595, 44.4930247274397], [11.342699032922948, 44.49302572746224], [11.342688032811097, 44.49298872627153], [11.34269703307875, 44.49298772624899], [11.34268403296498, 44.49294072473748], [11.342675032697311, 44.49294172475999], [11.342664032579789, 44.492905723601176], [11.34267303285309, 44.49290372354674], [11.342660032744904, 44.49285572200337], [11.342650032442474, 44.49285772205673], [11.34264003235965, 44.492820720867115], [11.342649032627346, 44.492819720844565], [11.342636032513473, 44.4927727193331], [11.342626032216659, 44.49277371935464], [11.342616032133805, 44.49273671816504], [11.34262503240151, 44.49273571814245], [11.342611032264092, 44.49268771659815], [11.34260203199075, 44.49268971665257], [11.342592031907856, 44.49265271546299], [11.342600032146457, 44.492651715439386], [11.34258803205035, 44.492606713992785], [11.342579031782613, 44.49260771401536], [11.342568031687453, 44.492567712729205], [11.342576031926068, 44.49256671270556], [11.34256303181204, 44.4925197111942], [11.342554031544301, 44.49252071121683], [11.342544031455699, 44.492484710059195], [11.342552031699956, 44.49248271000368], [11.34254003159813, 44.49243870858899], [11.342530031295606, 44.49244070864247], [11.342523031238066, 44.492414707806624], [11.342508030789917, 44.49241670785498], [11.342498030678748, 44.49238470682485], [11.34248503052519, 44.49234470553672], [11.342163020876214, 44.49239270673591], [11.342164020871621, 44.492398706928135], [11.341980015422445, 44.49241470724901], [11.34193401485754, 44.49227670280504], [11.341892014331073, 44.492152698812504], [11.341878014434705, 44.492061695899906], [11.34188901476082, 44.492060695879275], [11.341878828424624, 44.49189526337677], [11.341890412216554, 44.49176276523363], [11.341898412448424, 44.491762765240125], [11.341835017109913, 44.49136267359394], [11.34166701225078, 44.491355673202854], [11.341677012250393, 44.49140767486881], [11.341721012353883, 44.491617681600445], [11.34173601237551, 44.491691683972185], [11.341750012412858, 44.49175768608817], [11.341783012453302, 44.49192169134448], [11.341831012559565, 44.49215169871836], [11.34187001311684, 44.492254702038714], [11.341912013346398, 44.49243170772079], [11.341938013441068, 44.492549711507046], [11.341959013530387, 44.492642714491716], [11.341970013760864, 44.49265871501283], [11.34197301385384, 44.49265771498405], [11.342001014028918, 44.49277171864515], [11.342027014179328, 44.49287972211312], [11.342015013661424, 44.49290972305657], [11.342089014821441, 44.49308672877293], [11.342154015741395, 44.49325973435298], [11.342178016063384, 44.49332673651287], [11.34221901636852, 44.49348474159039], [11.341975009082176, 44.49351774238663], [11.341782003319633, 44.493543743013014], [11.341730001767099, 44.49355074318157], [11.341686000419342, 44.493562743517806], [11.341738001320987, 44.49367174704463], [11.341728000525046, 44.49376174990127]]]]}",,43,4000/343434,A,4000,7720,VIA D'AZEGLIO,1230,VIA QUATTRO NOVEMBRE,1152,VIA DE' PIGNATTARI,1270,VIA DE' PIGNATTARI,1213,VIA DE' FUSARI,1112,VICOLO COLOMBINA,1080,VIA D'AZEGLIO,17,Aree Pedonali
22,"44.4931808598, 11.3406446302","{""type"": ""MultiPolygon"", ""coordinates"": [[[[11.340505968799564, 44.49307572677845], [11.340572969577222, 44.4932857335337], [11.340766975386053, 44.49325673281256], [11.340766256009097, 44.49311960904728], [11.340505968799564, 44.49307572677845]]]]}",,,4000/343434,A,383,,PIAZZA GALILEO,,,,,,,,,,,,,26,Aree Pedonali
23,"44.4902983424, 11.3446249264","{""type"": ""MultiPolygon"", ""coordinates"": [[[[11.344519106079387, 44.490049483636064], [11.344554106634165, 44.49018347407933], [11.344565106782701, 44.490232470664964], [11.344573106902097, 44.49026546826781], [11.34458510708023, 44.4903154645985], [11.344644107962047, 44.490564445511616], [11.344726110662625, 44.49054343614386], [11.344708110391995, 44.49046544253099], [11.344655109601929, 44.49023846037331], [11.344628109250507, 44.4901124694939], [11.344614109065809, 44.490048474022814], [11.344519106079387, 44.490049483636064]]]]}",,,4000/343434,A,399,,,,,,,,,,,,,,,33,Aree Pedonali
24,"44.4958371649, 11.3461806821","{""type"": ""MultiPolygon"", ""coordinates"": [[[[11.345803110445347, 44.49604317421252], [11.345872112824225, 44.49601216236989], [11.34591111435533, 44.49596815305108], [11.345977116475463, 44.495961143781244], [11.346062119142761, 44.4959611327218], [11.34620812370277, 44.495964114038394], [11.346224123753126, 44.49602711855276], [11.34623712379462, 44.496078122235105], [11.346249123761035, 44.496135126705674], [11.346268123679435, 44.496229134244544], [11.34628412418649, 44.496228132155075], [11.346286124169755, 44.496239133074276], [11.346349126152072, 44.4962371250639], [11.346361127323412, 44.49612711171754], [11.346370128119487, 44.49605610291037], [11.346367128300775, 44.49601809919151], [11.346402129412564, 44.49601609446576], [11.346392129345782, 44.495982092063976], [11.346335128909264, 44.49579507940076], [11.346345129245623, 44.495792077739154], [11.346325129172373, 44.495715072179834], [11.346441133016627, 44.495689053580655], [11.346430132888198, 44.495659051798256], [11.346420132776432, 44.4956310501116], [11.346350130466535, 44.49564506125562], [11.346299128785693, 44.49565506932521], [11.346261128241412, 44.49556406493275], [11.346224127015365, 44.49557207092145], [11.34619912665522, 44.49551206815075], [11.346180126390474, 44.495465065945915], [11.346154125817563, 44.49543006601699], [11.3461121250854, 44.495346063415774], [11.345979120686268, 44.495372085173], [11.346004120561199, 44.49550209453514], [11.346058122268595, 44.49550208694042], [11.34605812245985, 44.495475084216785], [11.34613612504829, 44.495458071452944], [11.34618912580987, 44.495586077242116], [11.346276126836846, 44.495825090478476], [11.346108121346964, 44.49585411582021], [11.34608012046677, 44.49585411953209], [11.345928115372834, 44.49589914408735], [11.3458241120085, 44.495913159103914], [11.345817111983498, 44.495885157352696], [11.345778110695695, 44.49589416334507], [11.345803110445347, 44.49604317421252]]]]}",,10,4000/343434,A,1333,1422,VICOLO MANDRIA,1410,VIA GUGLIELMO OBERDAN,1409,VIA S.SIMONE,7990,VIA S.SIMONE,8953,VIA GUGLIELMO OBERDAN,,,,,36,Aree Pedonali
25,"44.4950244187, 11.3463022155","{""type"": ""MultiPolygon"", ""coordinates"": [[[[11.346120126427701, 44.49519304661033], [11.346148127374546, 44.49518504165026], [11.346137127317041, 44.495144039067135], [11.346108126963479, 44.495064035222164], [11.346442138058828, 44.495000977979956], [11.346487139551815, 44.49499297024782], [11.346619144092209, 44.49494794502219], [11.34660114372413, 44.494919944609265], [11.346395136727484, 44.49497798263257], [11.346310133872498, 44.494997997742544], [11.346218130839189, 44.4950120132094], [11.346060125604911, 44.495040040033324], [11.346120126427701, 44.49519304661033]]]]}",,34,4000/343434,A,196,5256,VICOLO S.GIOBBE,5255,VICOLO S.GIOBBE,,,,,,,,,,,40,Aree Pedonali
26,"44.4950718343, 11.3437308742","{""type"": ""MultiPolygon"", ""coordinates"": [[[[11.343810054277913, 44.495380694081284], [11.343867056218702, 44.49536268499875], [11.343822055497123, 44.49524268551991], [11.343773054731093, 44.49510768615924], [11.343742054246462, 44.4950216866922], [11.343725054014504, 44.49496868675994], [11.343698053661038, 44.49488168682056], [11.343672053313727, 44.49479868701669], [11.343601050951497, 44.49480869858836], [11.343628051298483, 44.49489769837918], [11.34364405160845, 44.49493269750019], [11.3436800522247, 44.49502469623018], [11.343707052630794, 44.49510269579979], [11.343738053535475, 44.49511869192021], [11.34376005358449, 44.49522869393055], [11.343810054277913, 44.495380694081284]]]]}",,32,4000/343434,A,313,1281,VIA FOSSALTA,,,,,,,,,,,,,41,Aree Pedonali
39,"44.4934168647, 11.3518294293","{""type"": ""MultiPolygon"", ""coordinates"": [[[[11.35179920588493, 44.493805739662726], [11.352003366916387, 44.49379678175872], [11.351931109928813, 44.49352662015592], [11.351919694169334, 44.493477366440985], [11.351898738035983, 44.49334731958236], [11.351877372316501, 44.49305196747294], [11.351693473817251, 44.4929938424523], [11.35169977831822, 44.493191263673225], [11.35179920588493, 44.493805739662726]]]]}",,,,,,,,,,,,,,,,,,,,,Aree Pedonali
40,"44.4976950518, 11.3476459696","{""type"": ""MultiPolygon"", ""coordinates"": [[[[11.347623764975593, 44.498007721736464], [11.34770087218452, 44.497970063038196], [11.347594539686176, 44.49783272650356], [11.347658200622039, 44.49765133763808], [11.347799900184103, 44.497616800694594], [11.347922566640774, 44.49757816719692], [11.347964366548279, 44.49756327960174], [11.348046207625279, 44.497485488025234], [11.347978111685448, 44.49747343586783], [11.347916769922442, 44.497551279066734], [11.347648178425828, 44.4975975286876], [11.347619734593433, 44.497448086824534], [11.347548230751965, 44.49742121683076], [11.34755100176711, 44.49757218437406], [11.347501928880934, 44.497797514124095], [11.347530085146085, 44.49793179061163], [11.347623764975593, 44.498007721736464]]]]}",,,,,,,,,,,,,,,,,,,,,Aree Pedonali
41,"44.4888035819, 11.3548583454","{""type"": ""MultiPolygon"", ""coordinates"": [[[[11.35505347757384, 44.48883565170837], [11.355028633881927, 44.48879965448872], [11.354971687399521, 44.48881899547478], [11.354887028194138, 44.48869061900182], [11.354697352605726, 44.488753384158805], [11.354812928276056, 44.48891236057011], [11.35505347757384, 44.48883565170837]]]]}",,,,,,,,,,,,,,,,,,,,,Aree Pedonali
42,"44.4956927458, 11.331639334","{""type"": ""MultiPolygon"", ""coordinates"": [[[[11.32862461084954, 44.49557279136074], [11.328810616157737, 44.495574791784286], [11.328834684339386, 44.49573288612588], [11.328904856137598, 44.49585897281115], [11.328964348465837, 44.495843298705154], [11.328964348465837, 44.495843298705154], [11.328886970110402, 44.495627072841756], [11.328849399634802, 44.4954609665079], [11.32908762467752, 44.49546078872022], [11.329085624515242, 44.495480789348065], [11.329153626428347, 44.49548678966918], [11.329213628007494, 44.495512790606604], [11.329690641621774, 44.49551779168805], [11.329726744990877, 44.49559377685406], [11.329813862106299, 44.495571074593705], [11.329794164307858, 44.49548425009667], [11.330235657333727, 44.49549379198446], [11.330240657550704, 44.49547979155156], [11.330580667263291, 44.49548179227271], [11.330795673374668, 44.49548879291022], [11.33079567328458, 44.49550579344793], [11.330999679107734, 44.495507793906086], [11.331023679268842, 44.495606797084484], [11.331038679336974, 44.49567479926482], [11.331051679374958, 44.495737801282075], [11.331074679682018, 44.495805803458346], [11.331103680136664, 44.49587880579936], [11.331123680457278, 44.49592780737135], [11.331147680936429, 44.49596880869465], [11.331167681325947, 44.49600480985542], [11.331157680918828, 44.496026810540556], [11.33120368183472, 44.49610581309019], [11.331279683371474, 44.49623181715988], [11.331310683984011, 44.496285818901825], [11.331336684514744, 44.496327820257946], [11.331353684864206, 44.49635482113007], [11.331378685371163, 44.49639582245356], [11.331438686600439, 44.49649182555431], [11.331469687233309, 44.49654182716912], [11.331506688040193, 44.49659182879062], [11.331549688978376, 44.49664983067179], [11.331585689761372, 44.496698832260805], [11.331613690376233, 44.49673583346162], [11.331650691177398, 44.496786835115124], [11.331692692091469, 44.49684383696397], [11.331729692897763, 44.49689383858609], [11.331756693515379, 44.496924839596325], [11.33180169445204, 44.49699384182828], [11.331856695662534, 44.49706584416644], [11.331912696891123, 44.49713984656917], [11.33201069904866, 44.49726785072704], [11.332052699967003, 44.49732385254536], [11.332129701573601, 44.49744085633254], [11.332183703240906, 44.49742185579225], [11.331983698998304, 44.497130846363866], [11.331960698513061, 44.497096845262845], [11.331904697321912, 44.49701584263871], [11.331841695986256, 44.49692383965917], [11.33181569545649, 44.4968818383021], [11.33176369440212, 44.49679683555652], [11.331665692445402, 44.49663083019914], [11.331555690086233, 44.49647482514556], [11.331507689072117, 44.496403822848116], [11.331453687921012, 44.496325820322916], [11.331406687020415, 44.49623881752028], [11.331380686504989, 44.496193816067944], [11.33134268577936, 44.49612281377983], [11.331285684666696, 44.49602081049029], [11.331266684285099, 44.49598880945705], [11.331245683861333, 44.49595380832681], [11.331214682918812, 44.49596180854616], [11.331185682326428, 44.49591480702755], [11.331217683303333, 44.49590580677763], [11.331168682310702, 44.49582480416159], [11.33114168219028, 44.495699800177526], [11.331101681002101, 44.49570480029231], [11.331079680830193, 44.495616797484416], [11.331062680845864, 44.49552079442887], [11.331387690169056, 44.49554279547647], [11.331387690259433, 44.49552579493854], [11.331477692857662, 44.495528795130824], [11.331624697100864, 44.495533795448004], [11.331845703472101, 44.4955427959719], [11.331976707250451, 44.49554779627189], [11.332051709423556, 44.49554879638468], [11.332179713130733, 44.49555079658647], [11.332214714147334, 44.495550796624364], [11.33232871744785, 44.495552796811005], [11.332352718144948, 44.49555279683697], [11.332615725767887, 44.49555579721651], [11.332675727510624, 44.49555579728143], [11.332756729857959, 44.495556797400766], [11.332882733506965, 44.49555879760042], [11.332939734111262, 44.49575480386933], [11.332959457040692, 44.49580575930167], [11.33298973472625, 44.49591080886416], [11.333018735074566, 44.496002811809454], [11.333033735257805, 44.49604981331436], [11.333051735490528, 44.49610381504423], [11.333068735704897, 44.49615581670975], [11.33311573642481, 44.49627582056167], [11.333144736992217, 44.49632682220795], [11.33327073977187, 44.49648982750671], [11.333378742222022, 44.49661683164678], [11.333463744154995, 44.496715834875474], [11.333543745958655, 44.49681183800402], [11.333635748034506, 44.49692184158972], [11.33367474923586, 44.496908841221355], [11.33360474766893, 44.49682283842003], [11.333500745336183, 44.49669583428308], [11.333355742082269, 44.496518828518454], [11.333198738796108, 44.49628282087414], [11.333123737440998, 44.496129815946325], [11.33310773719131, 44.49608981466197], [11.333075736681069, 44.496011812156624], [11.333040736126517, 44.495925809394755], [11.332988735491277, 44.49576280417588], [11.332972735332438, 44.49570580235331], [11.332931734935558, 44.49555779762178], [11.33303573794556, 44.495559797797625], [11.333124740525236, 44.49556079792562], [11.333350747062612, 44.49556579832855], [11.333509751664664, 44.49556879859565], [11.33351475165383, 44.4955977995198], [11.333631755030469, 44.495601799773205], [11.333630755179131, 44.49556879872662], [11.333736758257924, 44.49556879884133], [11.333896762894353, 44.49557079907787], [11.334002765962344, 44.49557279925597], [11.334060767490412, 44.49560180023775], [11.334103768733911, 44.49560280031597], [11.334460272343968, 44.49559546899734], [11.334832981102561, 44.49649071526721], [11.335016068423391, 44.4964300677972], [11.334650294991393, 44.49560474510422], [11.33458517674758, 44.49550893005514], [11.333947423207546, 44.49551145899267], [11.333947423363373, 44.49548245807368], [11.333442078418665, 44.49547551979282], [11.333008480345054, 44.49546831836016], [11.332926269404954, 44.49545914312917], [11.332860267509977, 44.49545914305825], [11.332746264258208, 44.49545514280915], [11.332660261794322, 44.49545414268514], [11.33262226064451, 44.49546514299265], [11.332432255151947, 44.49547214301023], [11.332395254084295, 44.49547314300214], [11.332345252654049, 44.49547214291678], [11.332275250649586, 44.49547114280992], [11.332178950527554, 44.49547858814869], [11.332075947569589, 44.495475587944966], [11.332014945818957, 44.49547358781724], [11.331951944005286, 44.49547258771907], [11.331888942191608, 44.495471587620905], [11.331756938380456, 44.49547158748153], [11.331562932784482, 44.49547058724505], [11.331492930784504, 44.49546658704457], [11.331351640157946, 44.495462425523684], [11.331261686913011, 44.495466792935524], [11.331057505592817, 44.49545487819526], [11.33097868084098, 44.495067779946275], [11.330932680564338, 44.494871773657614], [11.330858679984171, 44.49458176434244], [11.330822679648087, 44.49445076013001], [11.330811679529303, 44.49441375893872], [11.330767678910872, 44.49429275502764], [11.330705677098798, 44.494299755130974], [11.330744677547793, 44.494425759190435], [11.33077167787031, 44.49451076193042], [11.330856678384395, 44.494872773543364], [11.330879678464658, 44.49498177703539], [11.330917678629246, 44.49515578261257], [11.330939678717675, 44.49525778588157], [11.330992523439676, 44.49544719430033], [11.330847305616574, 44.49543403320199], [11.330673300728915, 44.49542303253925], [11.330479295222458, 44.49542203215661], [11.330472295175033, 44.495392031195415], [11.330359291929325, 44.495399031212365], [11.330362291898517, 44.495422031944926], [11.330291289876381, 44.49542303184806], [11.330289289930512, 44.49540103114898], [11.33020728759582, 44.49540203103227], [11.330209287531652, 44.49542603179454], [11.330156286010823, 44.4954290317935], [11.330152286013098, 44.49540603105924], [11.32909208729099, 44.49539485333108], [11.3291000878957, 44.49531885094519], [11.328771078616617, 44.49530184982257], [11.328863942919465, 44.49481234351567], [11.328732753104301, 44.49480277555287], [11.3286640302327, 44.495087466966076], [11.328584670446887, 44.49507436748232], [11.3285426102495, 44.49523978068851], [11.3285456101886, 44.49526778157829], [11.328532609381904, 44.49535078417362], [11.328591611043159, 44.49535578444547], [11.328566609521145, 44.49550978925929], [11.328541521129232, 44.49557568596763], [11.32862461084954, 44.49557279136074]]]]}",,69,4000/343434,A,8262,948,VIA DEL PRATELLO,,,,,,,,,,,,,11,Aree Pedonali
43,"44.4955818188, 11.3355782127","{""type"": ""MultiPolygon"", ""coordinates"": [[[[11.336832019985984, 44.495651262413524], [11.336730845087605, 44.49559280283386], [11.33668684379869, 44.49559480284995], [11.336715639506913, 44.495624603768235], [11.336295243282107, 44.495605981117286], [11.33610386346665, 44.49559244054354], [11.335766084217099, 44.49556623100334], [11.335478809175633, 44.49550979885278], [11.334931793324916, 44.49550279804215], [11.334931793324916, 44.49550279804215], [11.33469532521987, 44.495519405599126], [11.33458517674758, 44.49550893005514], [11.33452978108506, 44.49560680090406], [11.334648784562955, 44.49560280090613], [11.334910459194997, 44.49559374878271], [11.334911418979386, 44.49556833263614], [11.335213801065246, 44.49558580097795], [11.335540810546517, 44.49558880142526], [11.33579681784564, 44.4956138024941], [11.336010823957304, 44.4956328033276], [11.336408835374277, 44.495658804581986], [11.336409835250167, 44.49568680547183], [11.33657183998227, 44.49568180548796], [11.336736844796064, 44.49567780553907], [11.33675884546239, 44.49567280540404], [11.336832019985984, 44.495651262413524]]]]}",,21,4000/343434,A,1142,1023,VIA DEL PRATELLO,958,VIA DEL PRATELLO,1000,VIA DEL PRATELLO,980,VIA DEL PRATELLO,4365,VIA DEL PRATELLO,,,,,12,Aree Pedonali
44,"44.4939274944, 11.3430987479","{""type"": ""MultiPolygon"", ""coordinates"": [[[[11.34246801598457, 44.4948407850661], [11.342961031129063, 44.494696781002865], [11.342976031982442, 44.49462277865986], [11.342936031619908, 44.49448077409058], [11.342882100049586, 44.49425282455691], [11.343055030309587, 44.49421326151497], [11.343037158454962, 44.494159613316796], [11.342861347663183, 44.49418315603429], [11.342797029955529, 44.49405876049133], [11.342797029955529, 44.49405876049133], [11.342966035018273, 44.49403275984092], [11.343154041032676, 44.49400474100057], [11.34359605594851, 44.49393766070866], [11.343641056530315, 44.49408865962621], [11.343479051057653, 44.49411568877851], [11.343496051309783, 44.4941676880369], [11.343546052204909, 44.49429368492586], [11.343570052605541, 44.49435868373317], [11.343645053496815, 44.494620683146806], [11.344049067094105, 44.49454661413047], [11.343979065022564, 44.49451262369734], [11.34396506491493, 44.49445562297057], [11.343900064479465, 44.49417861944105], [11.343879064246808, 44.494103619214705], [11.343802063657144, 44.4937826167437], [11.343790063544708, 44.49373561660853], [11.343718063019429, 44.493426615066866], [11.343667062652008, 44.49320461444862], [11.343530060915716, 44.492725620391276], [11.343439057760932, 44.49274363971411], [11.343435057621079, 44.49274464057023], [11.343444057659605, 44.49278964057632], [11.34345405800025, 44.49278863850715], [11.34346105800633, 44.49282763869776], [11.343458057900099, 44.49282863934477], [11.343466057910115, 44.492872639551436], [11.34347805831721, 44.49287163709896], [11.343485058316638, 44.49291163736619], [11.343481058177112, 44.49291263820797], [11.343490058219654, 44.492956638254235], [11.343503058659628, 44.4929556356254], [11.343511058691604, 44.49299563573097], [11.343506058518868, 44.49299663676368], [11.343514058521206, 44.493041637092084], [11.343526058927273, 44.49304063468505], [11.343533058930994, 44.49307963498056], [11.343529058797676, 44.49307963576519], [11.34353705879324, 44.49312563617558], [11.343550059232099, 44.493124633596025], [11.343552059039093, 44.493168635114486], [11.34356005904555, 44.49321263547841], [11.343570059384056, 44.49321163350363], [11.343581059460057, 44.493260633537474], [11.343545058234126, 44.493265640665484], [11.343543058208933, 44.493258640747015], [11.342838035064839, 44.493363738380665], [11.342840035066693, 44.4933737387015], [11.342798033816106, 44.49337873881704], [11.342774032965472, 44.493405739652594], [11.342688029921831, 44.49350174262267], [11.342352019811678, 44.49356074415141], [11.342283017584421, 44.493599745321966], [11.342361018138655, 44.49390475512337], [11.34238801894667, 44.49390075502431], [11.342429019081743, 44.49408876105886], [11.342442019111052, 44.49415076304849], [11.34245201909808, 44.49420476478004], [11.342465019054174, 44.49427976718401], [11.342475018900458, 44.49435876971235], [11.34246101842577, 44.49437077007991], [11.342329014485623, 44.49438877051343], [11.342429015267106, 44.49476678266608], [11.342445015749169, 44.49476378258756], [11.34246801598457, 44.4948407850661]]]]}",,40,4000/343434,A,13561,1246,PIAZZA MAGGIORE,1243,PIAZZA MAGGIORE,1267,VOLTONE DEL PODESTA',1270,VIA DE' PIGNATTARI,1284,PIAZZA DEL NETTUNO,1346,PIAZZA DEL NETTUNO,1248,PIAZZA DEL NETTUNO,14,Aree Pedonali
45,"44.4919141423, 11.3431374637","{""type"": ""MultiPolygon"", ""coordinates"": [[[[11.342797044893793, 44.49140967605496], [11.342852045299429, 44.49162168286753], [11.342908045857843, 44.49181168898045], [11.34295404631646, 44.491967693999946], [11.342985046620356, 44.49207369741052], [11.343036047110761, 44.4922497030733], [11.343147050875464, 44.492233682094316], [11.34318405217806, 44.49222367395997], [11.343178052091792, 44.49220267470188], [11.343292056012505, 44.492187650298945], [11.343328056459857, 44.49232564635756], [11.343314055976226, 44.49232764942166], [11.343326056137968, 44.49236964846505], [11.343335056447035, 44.492368646514734], [11.34334605659756, 44.492406645646504], [11.343337056282872, 44.49240864762768], [11.343351056481932, 44.492455646488224], [11.343361056824264, 44.49245464434459], [11.34336805683344, 44.492493644398316], [11.343365056726743, 44.49249464506623], [11.343373056740266, 44.49253864511768], [11.343385057149392, 44.4925376425754], [11.343392057151975, 44.492577642703694], [11.343388057011797, 44.49257864357398], [11.343396057024451, 44.49262264366407], [11.343409057472458, 44.49262064089765], [11.343416057468408, 44.49266164110156], [11.343413057367776, 44.49266164171877], [11.34342205739553, 44.49270864176577], [11.34343205773658, 44.49270763967855], [11.343439057760932, 44.49274363971411], [11.343530060915716, 44.492725620391276], [11.343516060752396, 44.49267362103826], [11.343521060925971, 44.49267261996825], [11.343514060832334, 44.49264862038652], [11.34336405869731, 44.49213863434741], [11.34315605574252, 44.49141065834954], [11.342797044893793, 44.49140967605496]]]]}",,75,4000/343434,A,3042,7557,VIA DELL'ARCHIGINNASIO,7559,PIAZZA GALVANI,,,,,,,,,,,16,Aree Pedonali
46,"44.492539911, 11.3443782051","{""type"": ""MultiPolygon"", ""coordinates"": [[[[11.3450451088168, 44.49315534429214], [11.345089110382009, 44.49314033455802], [11.345044109965006, 44.49297833074949], [11.345038109911503, 44.492956330235955], [11.34500610961495, 44.492840327701764], [11.344991109392359, 44.49279832751784], [11.344931108157997, 44.49268133089729], [11.344899107045256, 44.492687337912386], [11.344866106452136, 44.4926093389474], [11.344844106002672, 44.49256534028725], [11.344799104975404, 44.4924913443179], [11.345102115602426, 44.49242627566185], [11.345095115547691, 44.492399275012794], [11.34504711388422, 44.49240628572125], [11.345051113958817, 44.49241528557479], [11.344902108730194, 44.492447319452225], [11.344768104030726, 44.492476349747925], [11.344718103252939, 44.492337350499426], [11.344638101369746, 44.492176367230904], [11.344611100669066, 44.492124375382716], [11.3445881000814, 44.49207838229317], [11.344525098454595, 44.49195940036652], [11.344460096232183, 44.49197141282647], [11.344475096617693, 44.491999408690916], [11.344488097061003, 44.49199740615925], [11.3445260979768, 44.492084394751544], [11.344626100177068, 44.49233336984025], [11.344638100400665, 44.49236136919322], [11.344686101239636, 44.49248136731451], [11.34434008927863, 44.49253244306681], [11.343894073892253, 44.49259753947886], [11.343819072962107, 44.49233454199973], [11.34377607231151, 44.492186548319125], [11.343683069140836, 44.49219456790752], [11.34370806945894, 44.492294563791454], [11.343808070932063, 44.49260955789006], [11.343514060832334, 44.49264862038652], [11.343521060925971, 44.49267261996825], [11.343516060752396, 44.49267362103826], [11.343530060915716, 44.492725620391276], [11.343665065618673, 44.49269559143536], [11.343917074293081, 44.49265853786997], [11.344291087185432, 44.49260345757721], [11.344632098957897, 44.49255338355539], [11.344765103551042, 44.49253435450807], [11.344866104793292, 44.49286135747617], [11.344918106604991, 44.49285034619377], [11.344978108007545, 44.4929413410336], [11.3450451088168, 44.49315534429214]]]]}",,44,4000/343434,A,1959,1143,VIA DE' FOSCHERARI,1125,VIA DE' FOSCHERARI,1127,VIA DE' FOSCHERARI,1120,VIA PIER GABRIELE GOIDANICH,1141,VIA MARCHESANA,1116,VIA GIOVANNI MASSEI,1110,VIA GIOVANNI MASSEI,18,Aree Pedonali
47,"44.494086843, 11.3445585112","{""type"": ""MultiPolygon"", ""coordinates"": [[[[11.343900064479465, 44.49417861944105], [11.344432082434459, 44.494095523224125], [11.344483083960501, 44.49411851589789], [11.344589085227648, 44.49446152067139], [11.344726089832106, 44.49444049666488], [11.344617088509157, 44.494094491179425], [11.344646089686817, 44.494059483769405], [11.345190372351126, 44.49398445243153], [11.345161674341135, 44.49386891806834], [11.345098105761567, 44.493874390680496], [11.344587088413524, 44.49395648710236], [11.3444530838429, 44.49398251235665], [11.344411082424708, 44.49398852010367], [11.344313079097708, 44.494005538317474], [11.344221075981979, 44.49402055529021], [11.34410407202831, 44.49403857672324], [11.343991068220369, 44.494054597257644], [11.34386906412505, 44.49406961921913], [11.343900064479465, 44.49417861944105]]]]}",,76,4000/343434,A,1681,1264,VIA DEGLI ARTIERI,1275,VIA DEGLI OREFICI,1287,VIA DEGLI OREFICI,,,,,,,,,19,Aree Pedonali
48,"44.4931496726, 11.344338581","{""type"": ""MultiPolygon"", ""coordinates"": [[[[11.344491089793138, 44.49324645790702], [11.34465009525982, 44.49321842540699], [11.344596094507642, 44.49305642491961], [11.344572093694605, 44.49305842977365], [11.344571093699841, 44.49305242956975], [11.344332085472374, 44.49309347911182], [11.344159079521285, 44.49312351471039], [11.344005074238783, 44.49314854610708], [11.343804067341843, 44.49318258688718], [11.343667062652008, 44.49320461444862], [11.343672062675221, 44.49322861458938], [11.343777066250857, 44.49321459367281], [11.343873069540756, 44.49319857432757], [11.343961072559939, 44.4931835565149], [11.344048075553374, 44.49316753878093], [11.344113077791073, 44.49315552548714], [11.344233081885855, 44.49313950121361], [11.344345085709879, 44.49312447847469], [11.34444108899627, 44.493110458849856], [11.344491089793138, 44.49324645790702]]]]}",,46,4000/343434,A,450,9349,VIA DE' MUSEI,,,,,,,,,,,,,20,Aree Pedonali
49,"44.4921907684, 11.3453151011","{""type"": ""MultiPolygon"", ""coordinates"": [[[[11.345443122657901, 44.49306925945085], [11.345485124126984, 44.49305925032494], [11.34545212369482, 44.49296224837731], [11.34542212330468, 44.49287324666358], [11.345363122529092, 44.49269824365347], [11.34553012832898, 44.49266920685978], [11.345988144321755, 44.4925811039701], [11.346024145559646, 44.49257709609621], [11.346099148143892, 44.492568079603124], [11.346091148070045, 44.49254107852221], [11.346056146857748, 44.49254608632441], [11.34605014681445, 44.49252408535956], [11.345988144665693, 44.492533099205154], [11.345983144626556, 44.49251509846383], [11.345976144605979, 44.49248509695776], [11.345950144174427, 44.49242309631186], [11.34580113906574, 44.49243612901859], [11.345799138263427, 44.49254013931353], [11.345345122601927, 44.49259923897465], [11.345325122435119, 44.4925252368979], [11.345286122082975, 44.492384233318006], [11.345269121944938, 44.49232023162641], [11.345258121831861, 44.49228223083995], [11.345226121191315, 44.492166244468336], [11.345234121487161, 44.49215824342681], [11.345275122862859, 44.49215923476814], [11.345267123082543, 44.492011248445245], [11.345247122442906, 44.49200225320012], [11.345237122128227, 44.49199625569002], [11.345220121592895, 44.49198625989312], [11.34520212102786, 44.49197526435656], [11.345190120657048, 44.49196626744962], [11.345156119896663, 44.4918562825285], [11.34509511859644, 44.49164630954094], [11.345108119148115, 44.49161130971553], [11.34542012954227, 44.491585255456755], [11.345415129502955, 44.49154525990257], [11.34486511155257, 44.49149436086752], [11.344962113734884, 44.49177332556827], [11.345045115816756, 44.491964296504285], [11.34517611923046, 44.4922482486788], [11.345203119597574, 44.492338247185295], [11.345214119711413, 44.49237624793788], [11.345273120381318, 44.49257025148838], [11.345186117377716, 44.492582270541156], [11.345242118086002, 44.49275527312997], [11.345270119057895, 44.49275026701525], [11.34527211908413, 44.49275626710486], [11.345328121034992, 44.49274525477923], [11.34539412199135, 44.49292825699884], [11.345443122657901, 44.49306925945085]]]]}",,42,4000/343434,A,2480,1173,PIAZZA MINGHETTI,6480,VIA DE' TOSCHI,8941,VIA DE' TOSCHI,6478,VIA DE' TOSCHI,8940,VIA DE' TOSCHI,1134,PIAZZA MINGHETTI,,,21,Aree Pedonali
50,"44.4929300514, 11.3406480315","{""type"": ""MultiPolygon"", ""coordinates"": [[[[11.340542970267588, 44.493005724588365], [11.340781156311936, 44.49305157495544], [11.340722976156194, 44.49288972108175], [11.340709975973269, 44.492854719953925], [11.340653975186322, 44.49270371508844], [11.34062697445036, 44.492694714774046], [11.340674974909493, 44.49286272017242], [11.34050996998245, 44.49288472070206], [11.340542970267588, 44.493005724588365]]]]}",,73,4000/343434,A,264,1086,VIA DE' GARGIOLARI,,,,,,,,,,,,,24,Aree Pedonali
51,"44.4922390145, 11.3415643122","{""type"": ""MultiPolygon"", ""coordinates"": [[[[11.341339997168106, 44.49234570439413], [11.34141899963732, 44.4923157035196], [11.341541003297532, 44.49229670303949], [11.34187001311684, 44.492254702038714], [11.341831012559565, 44.49215169871836], [11.34127399597942, 44.49221470015501], [11.341293996175473, 44.49228370237232], [11.341339997168106, 44.49234570439413]]]]}",,74,4000/343434,A,563,1095,PIAZZA DE' CELESTINI,,,,,,,,,,,,,25,Aree Pedonali
52,"44.489849926, 11.3441505299","{""type"": ""MultiPolygon"", ""coordinates"": [[[[11.343938088013942, 44.49001254321685], [11.343978088754245, 44.490122537531256], [11.344050091075335, 44.49011053016958], [11.344519106079387, 44.490049483636064], [11.344612109003021, 44.49004847422613], [11.345017121902623, 44.489996436615776], [11.34511112489344, 44.489983428261816], [11.345100124858579, 44.48989443580403], [11.345086124417874, 44.48989543704521], [11.345065124219254, 44.48976544822083], [11.344984121808887, 44.48973545728548], [11.344944120610217, 44.489723461488495], [11.34492011996053, 44.48969746517908], [11.344895119181334, 44.48969846721063], [11.344902119239794, 44.48974146393661], [11.344902119121718, 44.489773461936664], [11.344891118705574, 44.489793461661776], [11.344860117681042, 44.48980946344394], [11.344827116638378, 44.489813466161344], [11.344796115695758, 44.489807469283456], [11.344774115060494, 44.48979447197696], [11.3446341106198, 44.48981548336858], [11.344630110570824, 44.48979648465164], [11.34458210907279, 44.48979748886772], [11.344538107768464, 44.48978149348014], [11.344518107232341, 44.48976049614212], [11.34447010570698, 44.48976849999256], [11.344463105622323, 44.4897365018879], [11.344337101627069, 44.489755512050934], [11.344333101567162, 44.48974051290013], [11.344295100360656, 44.48974651597667], [11.344302100478624, 44.48976951463898], [11.344226098066802, 44.48978052097478], [11.34422109799071, 44.48976252191473], [11.344159096022874, 44.489771527091314], [11.344165096106586, 44.489794525992856], [11.34408809366001, 44.489805532591674], [11.34408209357354, 44.48978353358248], [11.344042092301466, 44.489789536996085], [11.344011091837576, 44.48968154158189], [11.34402309221886, 44.48967954062201], [11.34397209148455, 44.48949854757721], [11.34396509126889, 44.489498548092456], [11.343963091235398, 44.48949254832744], [11.343408073691563, 44.48957759017352], [11.343584076583504, 44.49007757885709], [11.343938088013942, 44.49001254321685]]]]}",,20,4000/343434,A,5050,4369,PIAZZA S.DOMENICO,1072,PIAZZA S.DOMENICO,1066,VIA GAROFALO,4370,PIAZZA S.DOMENICO,1061,PIAZZA S.DOMENICO,1071,VIA ROLANDINO,8951,PIAZZA S.DOMENICO,31,Aree Pedonali
53,"44.4953220452, 11.3449415722","{""type"": ""MultiPolygon"", ""coordinates"": [[[[11.344668076843238, 44.49573429843301], [11.344742177134416, 44.49572285399612], [11.344716078655306, 44.49568728864405], [11.344707078569451, 44.495656287705366], [11.344684078226276, 44.495596286697676], [11.344675078101284, 44.49557128621539], [11.344665077919023, 44.495550286158704], [11.344651077660954, 44.49552128612298], [11.344634077352007, 44.495485286051036], [11.344620077118341, 44.49545228578527], [11.344610076922201, 44.4954332859177], [11.344597076687803, 44.49540528588059], [11.344584076465656, 44.49537528572611], [11.344572076300045, 44.49534128517812], [11.344543075789995, 44.495276285066154], [11.344611078030326, 44.49526327427061], [11.344687080525574, 44.49525026226315], [11.344802084311775, 44.495229243911965], [11.344911087896886, 44.495210226483266], [11.344919087943293, 44.49524222769632], [11.344954088227853, 44.49536923215951], [11.3449790885047, 44.4954482345807], [11.345019088952542, 44.4955732385352], [11.345045089255615, 44.49565224105399], [11.345101091074564, 44.49564423273971], [11.345048090543996, 44.49547022650069], [11.3450140901945, 44.495359222769], [11.344962089386856, 44.4952302204837], [11.345111094231084, 44.49521319725338], [11.345256098950832, 44.49519617449728], [11.3455711092407, 44.49515512430648], [11.345554109095788, 44.495097121652655], [11.345442105422777, 44.49511313983295], [11.345323101528923, 44.495129158975324], [11.34525809941447, 44.495136169250756], [11.345176096746561, 44.495145182197454], [11.345090093952214, 44.49515419570473], [11.344988090643447, 44.495164211627404], [11.344918088365956, 44.49517222261258], [11.344663080094273, 44.49519826219598], [11.344642079414278, 44.495200265432544], [11.34462307879154, 44.49520326844012], [11.344526075615196, 44.49521828373298], [11.344513075195959, 44.49521928571138], [11.344497074675171, 44.49522128819552], [11.34450407460252, 44.49526829023132], [11.34453507504527, 44.495354291375385], [11.344566075472644, 44.49544229277507], [11.344648076575316, 44.49567729723338], [11.344657076693801, 44.49570329779082], [11.344668076843238, 44.49573429843301]]]]}",,31,4000/343434,A,969,1334,VIA DEGLI ALBARI,1319,VIA ALTABELLA,1285,VIA ALTABELLA,,,,,,,,,39,Aree Pedonali
54,"44.4990425631, 11.3430849398","{""type"": ""MultiPolygon"", ""coordinates"": [[[[11.342366304373321, 44.49899881488969], [11.342393989882082, 44.499092920476144], [11.342586995583012, 44.499072920064066], [11.34277200099042, 44.49906391999311], [11.342785001219971, 44.499089920836994], [11.343080009816173, 44.4990869192987], [11.343131011359247, 44.49908691621998], [11.34347302163067, 44.49909989611086], [11.343699028413319, 44.49910888294963], [11.34368827597549, 44.49898962796582], [11.34324506025917, 44.49899425968492], [11.342986197058103, 44.498995087600726], [11.34248588414158, 44.49900086082723], [11.342366304373321, 44.49899881488969]]]]}",,83,4000/343434,A,785,3043,VIA DE' FALEGNAMI,,,,,,,,,,,,,,Aree Pedonali
55,"44.5000290726, 11.3431496372","{""type"": ""MultiPolygon"", ""coordinates"": [[[[11.34289728361979, 44.49992868849006], [11.343035355840628, 44.50019593235034], [11.343303010340371, 44.50016294616668], [11.343403426207832, 44.50012083852933], [11.343238283694934, 44.499845153723456], [11.343084642797987, 44.49988571682204], [11.34289728361979, 44.49992868849006]]]]}",,,4000/343434,A,785,,VIA SAN GIUSEPPE,,,,,,,,,,,,,,Aree Pedonali
27,"44.4950030871, 11.3441800141","{""type"": ""MultiPolygon"", ""coordinates"": [[[[11.344235068522849, 44.49528662760143], [11.344288070316502, 44.49527261904514], [11.344273070153665, 44.4952216181769], [11.344266070066107, 44.495199617891245], [11.344243069825602, 44.49511961654562], [11.344220069570682, 44.495041615401824], [11.344203069389474, 44.49498261453073], [11.344168069003988, 44.494862612966756], [11.344131068580205, 44.494737611628175], [11.34414306908776, 44.49471860864893], [11.344074066735706, 44.49473662058539], [11.34410906709221, 44.494862622126405], [11.344145067488887, 44.49498662360337], [11.344165067725221, 44.49505262434649], [11.344187067974891, 44.49512662531498], [11.344206068188585, 44.49519062621687], [11.344235068522849, 44.49528662760143]]]]}",,33,4000/343434,A,284,1282,VIA CADUTI DI CEFALONIA,,,,,,,,,,,,,43,Aree Pedonali
28,"44.4954347058, 11.3436456977","{""type"": ""MultiPolygon"", ""coordinates"": [[[[11.342957026000484, 44.4955858093384], [11.343015027730825, 44.49557780914616], [11.343076029628769, 44.49556880540924], [11.343142031794361, 44.49555979592654], [11.343212034094469, 44.495549785823194], [11.343331038012103, 44.495531768535365], [11.343399040244272, 44.495522758663704], [11.34351504406324, 44.49550574168891], [11.343606047058591, 44.49549272832404], [11.343652048575747, 44.49548572152793], [11.343672049235224, 44.49548271857049], [11.343775052599733, 44.49547270356039], [11.343766052545412, 44.495433702948446], [11.34380705391607, 44.4954246966774], [11.34392805793562, 44.49540267830861], [11.344076062856423, 44.495375655669825], [11.34419906695891, 44.49535163662465], [11.344347071893747, 44.495323613582904], [11.344496076871456, 44.49529459014053], [11.344489076946394, 44.495247588108796], [11.344288070316502, 44.49527261904514], [11.344235068522849, 44.49528662760143], [11.344178066613722, 44.49529863658901], [11.34405406246363, 44.495324656026675], [11.343909057617408, 44.495354678547606], [11.343867056218702, 44.49536268499875], [11.343847055539511, 44.49536868817512], [11.343810054277913, 44.495380694081284], [11.343608047537808, 44.49542272491607], [11.343559045869847, 44.49543873259011], [11.34350804419141, 44.495445740130215], [11.34344804222447, 44.49545274892927], [11.343392040386338, 44.49545975714288], [11.343348038939485, 44.495465763603086], [11.343239035361364, 44.49547977952339], [11.343182033492704, 44.49548678780957], [11.343138032052803, 44.495491794179735], [11.343084030281085, 44.49549880201202], [11.343042028932686, 44.49550380681629], [11.342952026255507, 44.49551480706965], [11.34287002381082, 44.4955258073316], [11.34289202405551, 44.495595809586824], [11.342957026000484, 44.4955858093384]]]]}",,7,4000/343434,A,880,1280,VIA ALTABELLA,1318,VIA ALTABELLA,1265,VIA ALTABELLA,,,,,,,,,44,Aree Pedonali
29,"44.4957914943, 11.3413693039","{""type"": ""MultiPolygon"", ""coordinates"": [[[[11.341912996856832, 44.49537380145393], [11.341986999142087, 44.49534980076908], [11.342035941270575, 44.4954476736402], [11.341745819941844, 44.49555903444166], [11.341442756422353, 44.49559718880713], [11.341190471700365, 44.495628950325795], [11.341178785231543, 44.495494150265536], [11.341129687303464, 44.495171062106834], [11.341036104637128, 44.49520396974418], [11.341095826695865, 44.49548455442145], [11.341092151132978, 44.49556144954764], [11.34109699877691, 44.49564262607747], [11.340780606912865, 44.495676747755766], [11.34069695984324, 44.49567380969366], [11.340963753156059, 44.49649652104929], [11.341107048630663, 44.49650713424572], [11.340908232335229, 44.495755869286576], [11.341007559553852, 44.495741001010316], [11.341107828292781, 44.495717702080526], [11.341172237361267, 44.49601636687895], [11.341378299725902, 44.4959820238757], [11.341448858620662, 44.49612766112483], [11.341474479588529, 44.49621119308011], [11.341613356193701, 44.496520201338754], [11.341679067897553, 44.49650083563079], [11.341516210780139, 44.49606789646019], [11.34146362828107, 44.49589342387668], [11.341236918916918, 44.495925084859486], [11.341185318240615, 44.49569657603636], [11.3416099864701, 44.495655810110044], [11.34164098739321, 44.49565181001623], [11.341683988681803, 44.49564480983982], [11.341723989877638, 44.49563880969204], [11.341791991915064, 44.495627809415254], [11.341785991813701, 44.49561480899464], [11.341942996599933, 44.49557480789024], [11.342107001595462, 44.49553380676134], [11.342195004281738, 44.49551080612363], [11.342251005982037, 44.495497805769936], [11.342280006847195, 44.49549380567381], [11.342382009889821, 44.4954798053379], [11.342475012654115, 44.495468805087874], [11.342581015790575, 44.49545880488368], [11.34258001578966, 44.495453804723226], [11.342603016469267, 44.49545180468432], [11.342620016952, 44.495453804766434], [11.342666867071829, 44.49544706322641], [11.342642194302279, 44.4953740346544], [11.342558822406867, 44.495387613864104], [11.342415925131817, 44.495410236944394], [11.342228852350198, 44.49545008867949], [11.342108069187523, 44.49545706984158], [11.34204587972287, 44.495278293418345], [11.341941707085947, 44.49530744003636], [11.341811196922572, 44.49507154874304], [11.341761106891932, 44.49507707831756], [11.341776994122378, 44.495156794394084], [11.341816994779846, 44.495246797304354], [11.341832995272926, 44.4952417971623], [11.341912996856832, 44.49537380145393]]]]}",,27,4000/343434,A,952,4375,VICOLO GHIRLANDA,1328,VIA MONTE GRAPPA,1241,VIA MONTE GRAPPA,,,,,,,,,,Aree Pedonali
30,"44.4964639083, 11.342276165","{""type"": ""MultiPolygon"", ""coordinates"": [[[[11.3416939725741, 44.49654138857978], [11.341707983778079, 44.496642841654364], [11.341768985576932, 44.49663784156248], [11.342314002028754, 44.49652583859577], [11.34252092791574, 44.4964613919729], [11.342583226465422, 44.49644660870727], [11.342973082063525, 44.49638126297526], [11.34294514081334, 44.49628295092027], [11.341884315405672, 44.496471906059234], [11.341679067897553, 44.49650083563079], [11.3416939725741, 44.49654138857978]]]]}",,,4000/343434,A,733,,VIA MANZONI,,,,,,,,,,,,,,Aree Pedonali
31,"44.4989499762, 11.3419741668","{""type"": ""MultiPolygon"", ""coordinates"": [[[[11.341836375729006, 44.49910128852662], [11.341830991018107, 44.4990424398291], [11.342226985846468, 44.49895091575725], [11.342168856744768, 44.49885804490371], [11.341917977477467, 44.49884791211701], [11.341864975993099, 44.49883891176883], [11.341907663830264, 44.49895622287873], [11.341741971577092, 44.49899091646666], [11.341747971161052, 44.49909591981749], [11.341836375729006, 44.49910128852662]]]]}",,23,4000/343434,A,545,4637,VIA AVESELLA,2988,VIA AVESELLA,,,,,,,,,,,,Aree Pedonali
32,"44.5003593531, 11.3376718265","{""type"": ""MultiPolygon"", ""coordinates"": [[[[11.33729162395603, 44.50082964635723], [11.337575817469025, 44.50059513743353], [11.337828001979549, 44.500326497483144], [11.33797862991487, 44.500196455006716], [11.337940705850102, 44.50004268368402], [11.337777981554959, 44.49990325438669], [11.337718878119063, 44.50029551137221], [11.337244895560193, 44.5007369129363], [11.33729162395603, 44.50082964635723]]]]}",,,,,,,,,,,,,,,,,,,,,Aree Pedonali
33,"44.4943196189, 11.3371497626","{""type"": ""MultiPolygon"", ""coordinates"": [[[[11.336898856592915, 44.49438476465564], [11.33741287194231, 44.494311762874226], [11.337426872663043, 44.49425476107807], [11.336879856363952, 44.49432576276233], [11.336897856585775, 44.49438076452761], [11.336898856592915, 44.49438476465564]]]]}",,71,4000/343434,A,275,974,VIA PORTANOVA,,,,,,,,,,,,,,Aree Pedonali
34,"44.4879459827, 11.3569621097","{""type"": ""MultiPolygon"", ""coordinates"": [[[[11.357205489475001, 44.48809838261322], [11.35705248507188, 44.488090380984545], [11.357091487516074, 44.48782338696633], [11.35706748710348, 44.487765387907686], [11.3570564869998, 44.48772138870391], [11.357054487182248, 44.48767238970169], [11.357074487994549, 44.48762539088705], [11.357098488825075, 44.487598391694554], [11.357127489850273, 44.48756139275545], [11.357140490828273, 44.48743939539577], [11.356828481868428, 44.48741539283378], [11.356819481303452, 44.48747739141478], [11.356803480275936, 44.48759238878148], [11.356785479122209, 44.487721385814616], [11.3567784784937, 44.48780838386232], [11.356750476249324, 44.488101377209944], [11.356748475522322, 44.488238374218], [11.356777476271166, 44.48825737415964], [11.356862479466047, 44.48831432674959], [11.356952483055343, 44.48837426694063], [11.357069487610488, 44.48844619587574], [11.35717549078403, 44.48845319081573], [11.357390497134038, 44.48846218592861], [11.357385496701948, 44.48844420385789], [11.357366496137347, 44.488443204502], [11.357286493763132, 44.48843920701813], [11.35715948999863, 44.4884332107084], [11.357170489039067, 44.48835429066717], [11.357176488582397, 44.488315330124365], [11.357181488097106, 44.48827636955148], [11.357184488102456, 44.48825337920028], [11.357187488307641, 44.48822937972689], [11.357205489475001, 44.48809838261322]]]]}",,26,4000/343434,A,2872,,,,,,,,,,,,,,,,Aree Pedonali
35,"44.4980074773, 11.3476773607","{""type"": ""MultiPolygon"", ""coordinates"": [[[[11.347031134842588, 44.49837059461743], [11.347126139188772, 44.49831553313639], [11.347211143265737, 44.498274467357405], [11.34734814983216, 44.49821136083751], [11.347503157279448, 44.49814123919386], [11.347650164383694, 44.49807312230169], [11.347729168225532, 44.49803505872024], [11.347882175728408, 44.497956933735374], [11.348060184491908, 44.49786678656182], [11.348207191805761, 44.49778766258182], [11.348306196916665, 44.49771657469238], [11.348427463241629, 44.49762141524224], [11.348435444274417, 44.49758522790573], [11.34838323907705, 44.497577338130526], [11.348293196903894, 44.49765557226185], [11.34816519047259, 44.497727682359276], [11.347908177659136, 44.49786989943819], [11.347673166131583, 44.49798809198863], [11.347623764975593, 44.498007721736464], [11.347426102850825, 44.49809746907931], [11.347233399746536, 44.49818541744274], [11.346940352581589, 44.498294153676795], [11.347031134842588, 44.49837059461743]]]]}",,81,4000/343434,P,3429,4641,VIA DEL BORGO DI S.PIETRO,3053,VIA DELLE MOLINE,1453,VIA DELLE MOLINE,,,,,,,,,,Aree Pedonali
36,"44.4967762678, 11.3507769456","{""type"": ""MultiPolygon"", ""coordinates"": [[[[11.350456809723052, 44.497113489028365], [11.350527304454953, 44.49710270306145], [11.350850324044297, 44.49673131461444], [11.351081338795659, 44.496466002129154], [11.351028336039539, 44.496446064048634], [11.350999334186223, 44.496484102183366], [11.350993333932303, 44.49648210640356], [11.35086832615791, 44.49663226413371], [11.350800322009357, 44.496709347293674], [11.350544306431917, 44.497006656848605], [11.350456809723052, 44.497113489028365]]]]}",,,4000/343434,A,389,,VIA DEL GUASTO,,,,,,,,,,,,,,Aree Pedonali
37,"44.4967749141, 11.3495712077","{""type"": ""MultiPolygon"", ""coordinates"": [[[[11.348475200575262, 44.49751006345768], [11.348546115103177, 44.49752727580683], [11.348819466490516, 44.497318349922004], [11.349010436908717, 44.49715540026517], [11.349010436908717, 44.49715540026517], [11.349037235376668, 44.49717989526217], [11.349179087186887, 44.49707409296964], [11.349129662984723, 44.497057140731606], [11.34933725191684, 44.49691859116198], [11.349373253282536, 44.496945569619385], [11.349558263102312, 44.49682838937651], [11.35019529666465, 44.49648376658832], [11.350296211972394, 44.49638830339159], [11.350382308080166, 44.4962605402224], [11.350394483475194, 44.49625792471225], [11.350419484889834, 44.496209903549435], [11.350319305556706, 44.49617859257059], [11.349838279043688, 44.4965670864154], [11.34967927062352, 44.496657242875706], [11.34947225972241, 44.49677444380389], [11.349299250693011, 44.49686960864157], [11.349042237208264, 44.49702585333953], [11.34898323395064, 44.497078912975724], [11.348838226004096, 44.49720705732832], [11.348697218409937, 44.497323193538], [11.348475200575262, 44.49751006345768]]]]}",,,4000/343434,A,1856,,LARGO RESPIGHI,,VIA DE' CASTAGNOLI,,,,,,,,,,,,Aree Pedonali
38,"44.50338264, 11.3443524991","{""type"": ""MultiPolygon"", ""coordinates"": [[[[11.344076020445236, 44.50296203943711], [11.344086020694698, 44.50297503989473], [11.344101021012927, 44.50301204134252], [11.34416302236729, 44.50315204686436], [11.344244024130962, 44.50333505431393], [11.344295025209888, 44.50345905953366], [11.34430502523134, 44.50354206321506], [11.344384026574131, 44.503833076123506], [11.344584032464883, 44.50380007403378], [11.344501031220762, 44.50344705775405], [11.344442029970336, 44.50330605158399], [11.344374028519983, 44.50314504472415], [11.344287026654582, 44.50294003627417], [11.344076020445236, 44.50296203943711]]]]}",,84,4000/343434,A,1631,6470,VIA GALLIERA,,,,,,,,,,,,,,Aree Pedonali
56,"44.5018624886, 11.3350681676","{""type"": ""MultiPolygon"", ""coordinates"": [[[[11.335701675124396, 44.50161759906752], [11.33561278604445, 44.50153733463849], [11.335280870550362, 44.50174349094594], [11.33498054999554, 44.50187726026044], [11.334882584406815, 44.501929886206426], [11.33487794988258, 44.50193019517471], [11.33441044954987, 44.50198102061014], [11.334409627726105, 44.50204268502722], [11.334688409960366, 44.50207164521549], [11.334845012004877, 44.5020367079069], [11.334963758830801, 44.502008307152224], [11.335169804600985, 44.50191055507405], [11.335701675124396, 44.50161759906752]]]]}",,,,,,,,,,,,,,,,,,,,,Aree Pedonali
57,"44.4962140191, 11.3382309966","{""type"": ""MultiPolygon"", ""coordinates"": [[[[11.337686214710438, 44.495787427874276], [11.337833506744557, 44.49610761005304], [11.33791387532752, 44.49633982784629], [11.337970643103976, 44.49636629956058], [11.338087929093536, 44.496454372143596], [11.338635896181883, 44.49635782920929], [11.338641896245539, 44.496377829851276], [11.339190912612242, 44.496299827974454], [11.33919436966617, 44.49625742979814], [11.338702909590273, 44.49630598358268], [11.338666660618667, 44.49620632906253], [11.338504967043603, 44.49624150416654], [11.338496892550838, 44.496284826737956], [11.338442890922886, 44.49629582702827], [11.338439890874438, 44.49628882680263], [11.338279886054286, 44.49632082764388], [11.338282886102753, 44.49632782786949], [11.338231110165582, 44.49633005015953], [11.338217099647785, 44.496297063502865], [11.33805120295315, 44.49632874105338], [11.33793026311392, 44.4960075470779], [11.337794126262223, 44.49572966109193], [11.337686214710438, 44.495787427874276]]]]}",,3,4000/343434,A,1476,1002,VIA BELVEDERE,1004,VIA S.GERVASIO,,,,,,,,,,,,Aree Pedonali
58,"44.4943141955, 11.337164931","{""type"": ""MultiPolygon"", ""coordinates"": [[[[11.336893906994586, 44.494315404292756], [11.336917503546319, 44.494380568319464], [11.337427114270294, 44.49431226757562], [11.337434660739403, 44.494248077020295], [11.336893906994586, 44.494315404292756]]]]}",,71,4000/343434,A,275,974,VIA PORTANOVA,,,,,,,,,,,,,,Aree Pedonali
59,"44.4961811343, 11.3508290551","{""type"": ""MultiPolygon"", ""coordinates"": [[[[11.350618930289796, 44.496005237053744], [11.350484313494373, 44.49614045441383], [11.350485313452992, 44.49615745359586], [11.35049431381801, 44.49616844607699], [11.350999335798006, 44.49636105658501], [11.351025337344696, 44.49633602557616], [11.351178742159384, 44.496232873143505], [11.351105347419946, 44.496157892046405], [11.350618930289796, 44.496005237053744]]]]}",,,4000/343434,A,885,,PIAZZA GIUSEPPE VERDI,,,,,,,,,,,,,,Aree Pedonali
60,"44.4966511982, 11.3516885718","{""type"": ""MultiPolygon"", ""coordinates"": [[[[11.350407309506423, 44.496212519038814], [11.351028336039539, 44.496446064048634], [11.351081338795659, 44.496466002129154], [11.351325353372587, 44.49656062774026], [11.351456361214998, 44.4966114259498], [11.35162737146367, 44.49667816186843], [11.351963391666082, 44.496808640013576], [11.352078398595735, 44.49685346062687], [11.352897448217986, 44.4971711703556], [11.353005454818435, 44.49721099800326], [11.353045457962878, 44.49716491633172], [11.353092637534417, 44.4971509488989], [11.352741167810247, 44.49701755389362], [11.352449889467334, 44.49690598170783], [11.352061015531667, 44.496757021651405], [11.351539831315435, 44.49655485751], [11.351403457770578, 44.496473515996534], [11.35106478428114, 44.49631993583683], [11.35049431381801, 44.49616844607699], [11.350485313452992, 44.49615745359586], [11.350484313494373, 44.49614045441383], [11.350407309506423, 44.496212519038814]]]]}",,,4000/343434,P,1727,,VIA ZAMBONI,,,,,,,,,,,,,,Aree Pedonali
61,"44.5042072154, 11.3384273934","{""type"": ""MultiPolygon"", ""coordinates"": [[[[11.33804184159481, 44.50454109757908], [11.338246847181333, 44.504652101705354], [11.338857867260186, 44.50379607306332], [11.338502856846977, 44.50385807472945], [11.338347851602464, 44.5041280836906], [11.33804184159481, 44.50454109757908]]]]}",,,,A,1934,,VIA CAIROLI,,,,,,,,,,,,,,Aree Pedonali
62,"44.494418987, 11.3565825873","{""type"": ""MultiPolygon"", ""coordinates"": [[[[11.356565563520443, 44.4948123028064], [11.356610170746192, 44.4946913138468], [11.356650352210542, 44.49429531696508], [11.3566406225541, 44.494110960590504], [11.356513696165933, 44.4940619669566], [11.3565756451011, 44.49446539390216], [11.356539804667136, 44.494495351297545], [11.356512147174106, 44.49481953747614], [11.356565563520443, 44.4948123028064]]]]}",,,,,,,,,,,,,,,,,,,,,Aree Pedonali
