{
    "name":"FOS - Drag and Drop"
   ,"version":"22.1.0"
   ,"description":"Enable any list, card or table based region to allow drag \u0026 drop reordering.\r\n\u003Ch4\u003EFree Plug-in under MIT License\u003C\/h4\u003E\r\n\u003Cp\u003E\r\nAll FOS plug-ins are released under MIT License, which essentially means it is free for everyone to use, no matter if commercial or private use. \r\n\u003C\/p\u003E\r\n\u003Ch4\u003EOverview\u003C\/h4\u003E\r\n\u003Cp\u003EThe \u003Cstrong\u003EFOS - Drag and Drop\u003C\/strong\u003E dynamic action plug-in makes it possible to drag \u0026 drop elements inside a region. This could be a Cards region, a Badge list or basically everything that has a group of elements.\u003C\/p\u003E\r\n\u003Cp\u003EOn every change of the order of items an event is fired passing the necessary change information accessible via \"this.data\" within your dynamic action handler. Additionally you can execute PL\/SQL code to do an update of your database tables or execute some additional Javascript code.\u003C\/p\u003E\r\n\u003Cp\u003EThe plug-in is built around Shopify\u0027s Draggable library (https:\/\/github.com\/Shopify\/draggable).\u003C\/p\u003E"
   ,"keywords":[
        "list"
       ,"card"
       ,"table"
       ,"drag"
       ,"drop"
    ]
   ,"license":"MIT"
   ,"commercial":"No"
   ,"commercially_supported":"Yes"
   ,"homepage":"https:\/\/github.com\/foex-open-source\/fos-drag-and-drop"
   ,"bugs":{
        "url":"https:\/\/github.com\/foex-open-source\/fos-drag-and-drop\/issues"
       ,"email":"support@fos.world"
    }
   ,"author":{
        "name":"FOEX GmbH"
       ,"email":"office@fos.world"
       ,"url":"https:\/\/foex.at\/fos\/"
       ,"twitter":"@foexopensource"
    }
   ,"repository":{
        "type":"git"
       ,"url":"https:\/\/github.com\/foex-open-source\/fos-drag-and-drop.git"
    }
   ,"oracle":{
        "versions":[
            "12.1.0.1"
           ,"12.2.0.1"
           ,"18.0.0.0"
           ,"19.0.0.0"
           ,"21.0.0.0"
        ]
       ,"apex":{
            "versions":[
                "19.2.0"
               ,"20.1.0"
               ,"20.2.0"
               ,"21.1.0"
               ,"21.2.0"
            ]
           ,"plugin":{
                "internalName":"COM.FOS.DRAG_AND_DROP_LIST"
               ,"type":"dynamic action"
               ,"demo":"https:\/\/fos.world\/ords\/f?p=10000:1130"
               ,"previewImage":"https:\/\/fos.world\/ords\/fos_master_ws\/fos-image\/COM.FOS.DRAG_AND_DROP_LIST"
            }
        }
    }
}


